business,0.0244180799568
sales,0.0118456784567
mobile,0.0087642597873
inventory,0.00672883476677
conference,0.00643099791617
marketing,0.00619303706237
service,0.005999955745
customers,0.00577982235682
invoices,0.0053500500036
customer,0.00498748580219
management,0.00495433328859
jobs,0.00484669236069
industry,0.0048435142277
documents,0.00484045857612
clients,0.00482919823524
appointments,0.00446140709898
job,0.00398490028912
pdf,0.00396998912189
coupons,0.00384008205459
estate,0.0037448126736
crm,0.0037060087812
client,0.00361711122998
company,0.00360446580065
contact,0.00358336192874
enterprise,0.00334021538154
access,0.00319870811559
messaging,0.003180260686
exhibitors,0.00300357055766
scheduling,0.00284876803384
tripbuilder,0.00283378367102
employees,0.00277055352482
attendees,0.00274632274231
appointment,0.00271748852563
products,0.00268752028075
vehicle,0.00268495703258
services,0.00263099510331
companies,0.00260059925399
our,0.00253186091613
invoicing,0.00251261142604
sap,0.00250625715546
invoice,0.00246490095925
meeting,0.00242585206981
event,0.00242422309557
dealership,0.00239415824178
dealerapp,0.0023723926104
reports,0.00233598323346
information,0.00229075294853
product,0.00217251407165
office,0.0021664364908
employee,0.0021339088884
orders,0.0021293441817
document,0.00208630536952
call,0.00204905054975
corporate,0.00203737645513
server,0.00200013136003
project,0.00198617047739
app,0.00197529790621
exhibitor,0.00190544643298
meetings,0.00180376870184
businesses,0.00179605233561
payments,0.00179428442201
files,0.00177567037714
managers,0.00176520308088
view,0.0017168196635
property,0.00169082211107
specials,0.00165119014328
sharepoint,0.00157355176737
manage,0.00153141612744
deals,0.00151104221231
data,0.00150190883394
solutions,0.00149963558772
insurance,0.00146246009686
pos,0.00139560993916
communication,0.00139073804063
salesforce,0.00137518352671
informed,0.00134823951158
projects,0.00129743934275
schedule,0.0012892237029
contacts,0.00127227269807
email,0.00125841877384
fax,0.001256291853
tax,0.0012474896919
paypal,0.00123394247236
trade,0.00119069314244
capabilities,0.00119063180194
vin,0.00119059146347
dealer,0.00118749094716
file,0.00117115640669
ecapture,0.00116344227662
opportunities,0.00113878664643
professionals,0.00113851095247
chamber,0.0011335365075
leadership,0.00113295679747
retail,0.00110188003349
postboard,0.0010955628398
agenda,0.00109463457417
hassle,0.00108044770814
provides,0.00103252941122
market,0.00103122808371
inspection,0.00102912770103
