jokes,0.00430350844258
prank,0.00305869176423
funny,0.00246213981747
movies,0.00229590919647
movie,0.0022315056144
friends,0.00211064231297
film,0.00183900209032
laugh,0.00181070976317
fart,0.00174577585435
entertainment,0.00172518640302
soundboard,0.00167215892691
sounds,0.00164546611249
wallpaper,0.00159706133027
joke,0.00152892562355
scare,0.00148397262938
hilarious,0.00145965580101
festival,0.00142007937875
puzzlewar,0.0013294173226
episodes,0.00130294767854
wallpapers,0.00126278122627
films,0.00119724985447
shake,0.00113545740907
face,0.00112580324811
scary,0.00109162603261
detector,0.00107876783204
christmas,0.00102552470047
your,0.000995441185615
comedy,0.000978447067723
watch,0.000951725893188
sound,0.00094663470075
trick,0.000931557647662
tarot,0.000810381405182
him,0.000808186800829
pranks,0.000751818135558
fake,0.000725524273585
channels,0.000717358014377
funniest,0.00069604525368
fortune,0.000690130223626
gun,0.000669933881776
photo,0.000658526162259
trailers,0.000645373009514
magic,0.000643025960209
love,0.000632910847422
cat,0.000629235543343
fingerprint,0.000627004071568
tickets,0.000606635279769
faces,0.0005986125291
laughter,0.00059522627526
cinema,0.000588049280199
laughs,0.000584888377127
episode,0.000578707516486
annoy,0.000562788217864
videos,0.000548092444145
lottery,0.00054541352137
purposes,0.000545060686782
santa,0.000544511638898
booth,0.000537472448017
meme,0.000518671010272
fun,0.000513363466851
scream,0.000501798404857
laughing,0.000496934013978
show,0.000488196852423
video,0.000471165622584
halloween,0.000466236688013
netflix,0.000465223805116
share,0.000464054825317
insults,0.000448777673047
itoysd,0.000442551568898
collection,0.000439207765549
illusions,0.000436805170578
lotto,0.0004367050225
screen,0.000433622936637
whip,0.000428083279212
farts,0.00042254486074
favorite,0.000421627847904
poke,0.000419004174588
celebrity,0.000416772265645
enjoy,0.000414413668304
party,0.000414341166609
images,0.000406372021314
iphone,0.000401677533599
theatre,0.000393672525471
you,0.00039308293518
illusion,0.000390771482788
moron,0.000388484156751
random,0.000380693237707
picture,0.000373286841692
memes,0.000373096983
sexy,0.000371098554265
button,0.000370711484669
art,0.000368810312242
someone,0.000368634780652
insult,0.000367608207632
youtube,0.000364348204843
image,0.000362231147834
amaze,0.000361968843795
like,0.000357483692217
burp,0.000357011103006
ringtones,0.000349780357011
actor,0.000349645328241
