church,0.00706876891967
subscription,0.0051400689984
fashion,0.00330707434579
wedding,0.0024626650392
magazine,0.00244500624046
pocketmags,0.00243220600374
period,0.00222230854093
issue,0.00221871435025
homes,0.00217747017787
deals,0.00199418600107
subscriptions,0.0019295961223
prayer,0.00185894847662
issues,0.00173514116814
wine,0.00171224612758
our,0.00158690647602
renewal,0.00158347159251
life,0.0015639779945
properties,0.0015161884434
ministries,0.0015161477569
wallpapers,0.00150205712755
estate,0.00141355274486
shopping,0.00136118511773
property,0.00133720976729
home,0.00129944760771
charged,0.00122490559308
subsplash,0.00119060782394
mall,0.00116300276349
your,0.00108517601612
crochet,0.00103604118054
lifestyle,0.00102351842315
renew,0.0010154250196
unless,0.00101074773837
makeup,0.000987136872682
quotes,0.000923862813825
hair,0.000922586054635
god,0.000917497140123
shop,0.000886759079856
wallpaper,0.000874523955741
purchase,0.000865333238776
sermons,0.000854107461637
christ,0.000828524600438
coupons,0.000827375762867
beauty,0.000821402495601
interior,0.000794985716131
sale,0.000790215317283
current,0.000782750154305
events,0.000779864630805
wines,0.000767969789803
meditation,0.000758495062577
baptist,0.000753494686775
account,0.00075208748234
designs,0.000729641346431
illustration,0.000723160408034
products,0.000701479625368
spiritual,0.000698509541543
shui,0.000698227609128
app,0.000695145209459
stores,0.000694289964799
knitting,0.000687172098162
feng,0.000672257427952
women,0.000661068621593
inspiration,0.000658604359283
aspx,0.00065485425081
horoscope,0.000651310853787
you,0.000651211933366
relationship,0.000632082326519
coupon,0.000630660069156
cigar,0.000628424136988
jesus,0.000619971401998
greeting,0.000603015605015
inspirational,0.000575938049081
loyalty,0.000574013976844
lettings,0.000565614261082
day,0.000565344825027
pastor,0.000564380429318
brands,0.000563495651182
love,0.000560010032062
tattoo,0.000559153361654
sex,0.000556934955841
hypnosis,0.000547731554057
paintings,0.000541018929748
overdamped,0.000517928429721
tattoos,0.00051210484686
confirmation,0.000505021280813
family,0.00050380042965
art,0.000503608914835
ideas,0.00050297401406
renewed,0.000501383088871
merchants,0.000495204985404
prayers,0.000495034074946
cancellation,0.000492177600932
months,0.000473715185329
luxury,0.000472883712258
ministry,0.000470469779257
purchased,0.000464565923071
tasting,0.000462005219281
forfeited,0.000460404559194
offers,0.000458939365355
mantra,0.000450392838886
pray,0.000448206528487
