tasks,0.0246034125205
files,0.0115775071744
task,0.0113586693431
notes,0.0105490078424
documents,0.00808713625491
lists,0.00702024803422
pdf,0.00687631697079
contacts,0.00664139667895
file,0.0064347827382
dropbox,0.00539764538688
calendar,0.00538452022375
todo,0.00527701243385
list,0.00519879051404
text,0.00399950989172
email,0.00348710091404
reminders,0.0034760743855
evernote,0.00338160863511
projects,0.003297892946
organize,0.00325206385403
document,0.00320240860242
sync,0.00316986629689
productivity,0.00307805239506
backup,0.0030240882728
edit,0.00292629932855
folders,0.0026084203137
create,0.0025847847108
cloud,0.00256016259185
reminder,0.00247607049031
web,0.00241872148974
delete,0.00240752506184
password,0.00236783873964
gtd,0.00232128080404
passwords,0.00220787211195
project,0.00218825481864
export,0.00217220813242
mac,0.00213717310257
memo,0.002094950769
templates,0.00207423711596
manager,0.00200670242596
add,0.00198205921687
items,0.0019775305368
notebooks,0.00196773898819
manage,0.00194749179829
copy,0.00192307215322
note,0.00190030662586
browser,0.00188274734695
your,0.00184534352243
pomodoro,0.00177648687964
calendars,0.00177551868714
icloud,0.00174058788299
mail,0.00169491711371
item,0.0016780023803
powerpoint,0.00165553332496
send,0.00164827009728
done,0.0016457823019
import,0.00163908143383
desktop,0.00157984494109
storage,0.00149534485161
checklists,0.00149364774545
memos,0.00146292271066
microsoft,0.00145748599042
excel,0.00144582418819
priority,0.00141664781044
attachments,0.00141026482133
data,0.00136617487461
google,0.00135050062034
dos,0.00132538130493
print,0.00125417979077
folder,0.001219701724
server,0.00119296973014
notebook,0.00116589715745
management,0.00116509992873
emails,0.00115867334693
markdown,0.001103672444
checklist,0.00107504270874
support,0.00107325885123
doubledutch,0.00106158804591
event,0.001046026806
docs,0.00103274351081
paste,0.00102975999897
groups,0.00102115222576
ios,0.000989977442041
sms,0.000977736176812
due,0.000977474482686
work,0.00097129869603
pdfs,0.000967565038007
meeting,0.000935561014699
view,0.000924860540425
tags,0.00092376775685
use,0.000917016390563
assign,0.000909222900362
priorities,0.00090215392779
html,0.000900424714752
keyboard,0.000899905613438
easily,0.000897392981795
can,0.000865936646514
encryption,0.000847034928602
textexpander,0.000842006565961
supports,0.000841434785991
inbox,0.000837860152451
